{
    "basic_button1": {
        "state_b1": "off",
        "relief_b1": "raised"
    },
    "basic_button2": {
        "state_b2": "off",
        "relief_b2": "raised"
    },
    "basic_button3": {
        "state_b3": "off",
        "relief_b3": "raised"
    },
    "basic_button4": {
        "state_b4": "off",
        "relief_b4": "raised"
    },
    "basic_button5": {
        "state_b5": "off",
        "relief_b5": "raised"
    },
    "basic_button6": {
        "state_b6": "off",
        "relief_b6": "raised"
    },
    "basic_button7": {
        "state_b7": "off",
        "relief_b7": "raised"
    },
    "intermediate_button1": {
        "state_i1": "off",
        "relief_i1": "raised"
    },
    "intermediate_button2": {
        "state_i2": "off",
        "relief_i2": "raised"
    },
    "intermediate_button3": {
        "state_i3": "off",
        "relief_i3": "raised"
    },
    "intermediate_button4": {
        "state_i4": "off",
        "relief_i4": "raised"
    },
    "intermediate_button5": {
        "state_i5": "off",
        "relief_i5": "raised"
    },
    "intermediate_button6": {
        "state_i6": "off",
        "relief_i6": "raised"
    },
    "intermediate_button7": {
        "state_i7": "off",
        "relief_i7": "raised"
    },
    "advanced_button1": {
        "state_a1": "off",
        "relief_a1": "raised"
    },
    "advanced_button2": {
        "state_a2": "off",
        "relief_a2": "raised"
    },
    "advanced_button3": {
        "state_a3": "off",
        "relief_a3": "raised"
    },
    "advanced_button4": {
        "state_a4": "off",
        "relief_a4": "raised"
    },
    "advanced_button5": {
        "state_a5": "off",
        "relief_a5": "raised"
    },
    "advanced_button6": {
        "state_a6": "off",
        "relief_a6": "raised"
    },
    "advanced_button7": {
        "state_a7": "off",
        "relief_a7": "raised"
    },
    "appearance_button1": {
        "state_p1": "off",
        "relief_p1": "raised"
    },
    "appearance_button2": {
        "state_p2": "off",
        "relief_p2": "raised"
    },
    "appearance_button3": {
        "state_p3": "off",
        "relief_p3": "raised"
    },
    "appearance_button4": {
        "state_p4": "off",
        "relief_p4": "raised"
    },
    "appearance_button5": {
        "state_p5": "off",
        "relief_p5": "raised"
    },
    "appearance_button6": {
        "state_p6": "off",
        "relief_p6": "raised"
    },
    "appearance_button7": {
        "state_p7": "off",
        "relief_p7": "raised"
    }
}